{"stats":{"minecraft:used":{"minecraft:netherite_sword":4},"minecraft:killed":{"minecraft:zombie":1},"minecraft:custom":{"minecraft:jump":43,"minecraft:time_since_rest":7060,"minecraft:damage_dealt":201,"minecraft:crouch_one_cm":80,"minecraft:play_time":7060,"minecraft:leave_game":3,"minecraft:sprint_one_cm":2721,"minecraft:time_since_death":7060,"minecraft:walk_one_cm":4548,"minecraft:sneak_time":40,"minecraft:total_world_time":7060,"minecraft:mob_kills":1,"minecraft:fall_one_cm":1103,"minecraft:fly_one_cm":15810},"minecraft:picked_up":{"minecraft:rotten_flesh":1}},"DataVersion":3465}